datetime,date,doy,time,distance,transect,lai_masked,sel
2008-08-17T19:23:18,8/17/08,230,19:23:18,50,195,4.21,0.06
2008-08-17T19:26:48,8/17/08,230,19:26:48,100,195,4.13,0.15
2008-08-17T19:29:14,8/17/08,230,19:29:14,150,195,4.02,0.03
2008-08-17T19:31:25,8/17/08,230,19:31:25,200,195,5.11,0.25
2008-08-17T19:41:39,8/17/08,230,19:41:39,50,225,4.07,0.06
2008-08-17T19:39:19,8/17/08,230,19:39:19,100,225,4.4,0.2
2008-08-17T19:37:06,8/17/08,230,19:37:06,150,225,4.27,0.03
2008-08-17T19:34:31,8/17/08,230,19:34:31,200,225,3.8,0.06
2008-08-17T19:44:58,8/17/08,230,19:44:58,50,255,4.46,0.13
2008-08-17T19:48:01,8/17/08,230,19:48:01,100,255,4.01,0.06
2008-08-17T19:50:59,8/17/08,230,19:50:59,150,255,4.61,0.08
2009-08-17T19:23:18,8/17/09,229,19:23:18,50,195,4.73,0.1
2009-08-17T19:26:48,8/17/09,229,19:26:48,100,195,4.74,0.17
2009-08-17T19:29:14,8/17/09,229,19:29:14,150,195,4.54,0.02
2009-08-17T19:31:25,8/17/09,229,19:31:25,200,195,5.81,0.32
2009-08-17T19:41:39,8/17/09,229,19:41:39,50,225,4.46,0.09
2009-08-17T19:39:19,8/17/09,229,19:39:19,100,225,4.96,0.25
2009-08-17T19:37:06,8/17/09,229,19:37:06,150,225,4.78,0.03
2009-08-17T19:34:31,8/17/09,229,19:34:31,200,225,4.25,0.09
2009-08-17T19:44:58,8/17/09,229,19:44:58,50,255,5.19,0.13
2009-08-17T19:48:01,8/17/09,229,19:48:01,100,255,4.74,0.08
2009-08-17T19:50:59,8/17/09,229,19:50:59,150,255,5.42,0.04
2012-05-02T11:41:57,5/2/12,123,11:41:57,50,195,3.34,0.07
2012-05-02T11:43:52,5/2/12,123,11:43:52,100,195,3.98,0.02
2012-05-02T11:45:39,5/2/12,123,11:45:39,150,195,3.24,0.04
2012-05-02T11:47:36,5/2/12,123,11:47:36,200,195,3.94,0.22
2012-05-02T11:57:12,5/2/12,123,11:57:12,50,225,3.79,0.03
2012-05-02T11:55:04,5/2/12,123,11:55:04,100,225,3.84,0.19
2012-05-02T11:53:17,5/2/12,123,11:53:17,150,225,4.12,0.06
2012-05-02T11:51:01,5/2/12,123,11:51:01,200,225,3.57,0.02
2012-05-02T11:58:46,5/2/12,123,11:58:46,50,255,3.47,0.1
2012-05-02T12:00:43,5/2/12,123,12:00:43,100,255,4.04,0.16
2012-05-02T12:03:04,5/2/12,123,12:03:04,150,255,4,0.07
2012-05-02T12:03:58,5/2/12,123,12:03:58,160,255,3.43,0.24
2012-08-29T18:37:51,8/29/12,242,18:37:51,50,195,4.19,0.07
2012-08-29T18:40:02,8/29/12,242,18:40:02,100,195,4.46,0.06
2012-08-29T18:41:36,8/29/12,242,18:41:36,150,195,4.45,0.09
2012-08-29T18:44:17,8/29/12,242,18:44:17,200,195,5.52,0.16
2012-08-29T18:52:26,8/29/12,242,18:52:26,50,225,3.84,0.03
2012-08-29T18:50:17,8/29/12,242,18:50:17,100,225,4.57,0.05
2012-08-29T18:48:48,8/29/12,242,18:48:48,150,225,4.42,0.08
2012-08-29T18:46:57,8/29/12,242,18:46:57,200,225,3.89,0.04
2012-08-29T18:53:42,8/29/12,242,18:53:42,50,255,3.83,0.11
2012-08-29T18:55:21,8/29/12,242,18:55:21,100,255,4.74,0.1
2012-08-29T18:57:08,8/29/12,242,18:57:08,150,255,4.87,0.19
2012-08-29T18:58:08,8/29/12,242,18:58:08,160,255,4.85,0.16
2013-04-23T06:36:12,4/23/13,113,6:36:12,50,195,3.82,0.04
2013-04-23T06:39:38,4/23/13,113,6:39:38,100,195,4.15,0.04
2013-04-23T06:41:21,4/23/13,113,6:41:21,150,195,3.82,0.07
2013-04-23T06:42:56,4/23/13,113,6:42:56,200,195,4.45,0.28
2013-04-23T06:45:47,4/23/13,113,6:45:47,200,225,4.04,0.04
2013-04-23T06:48:11,4/23/13,113,6:48:11,150,225,4.22,0.07
2013-04-23T07:03:21,4/23/13,113,7:03:21,100,225,3.9,0.2
2013-04-23T07:01:45,4/23/13,113,7:01:45,50,225,4.01,0.03
2013-04-23T06:52:28,4/23/13,113,6:52:28,50,255,3.44,0.11
2013-04-23T06:55:03,4/23/13,113,6:55:03,100,255,4.28,0.17
2013-04-23T06:57:01,4/23/13,113,6:57:01,150,255,4.5,0.11
2013-04-23T06:57:58,4/23/13,113,6:57:58,160,255,3.84,0.3
2013-08-13T06:29:28,8/13/13,225,6:29:28,50,195,4.4,0.03
2013-08-13T06:32:16,8/13/13,225,6:32:16,100,195,4.11,0.07
2013-08-13T06:34:29,8/13/13,225,6:34:29,150,195,4.05,0.12
2013-08-13T06:36:22,8/13/13,225,6:36:22,200,195,4.89,0.19
2013-08-13T06:40:04,8/13/13,225,6:40:04,200,225,3.69,0.02
2013-08-13T06:42:18,8/13/13,225,6:42:18,150,225,4.24,0.03
2013-08-13T06:44:11,8/13/13,225,6:44:11,100,225,4.01,0.13
2013-08-13T06:46:20,8/13/13,225,6:46:20,50,225,3.59,0.04
2013-08-13T06:47:49,8/13/13,225,6:47:49,50,255,3.33,0.09
2013-08-13T06:49:38,8/13/13,225,6:49:38,100,255,4.41,0.11
2013-08-13T06:51:58,8/13/13,225,6:51:58,150,255,5.1,0.1
2013-08-13T06:52:59,8/13/13,225,6:52:59,160,255,4.75,0.21
2014-04-25T06:33:40,4/25/14,115,6:33:40,50,195,3.21,0.04
2014-04-25T06:35:55,4/25/14,115,6:35:55,100,195,3.64,0.05
2014-04-25T06:37:31,4/25/14,115,6:37:31,150,195,3.15,0.05
2014-04-25T06:39:12,4/25/14,115,6:39:12,200,195,3.85,0.15
2014-04-25T06:41:47,4/25/14,115,6:41:47,200,225,3.51,0.05
2014-04-25T06:43:33,4/25/14,115,6:43:33,150,225,3.66,0.08
2014-04-25T06:45:17,4/25/14,115,6:45:17,100,225,3.46,0.13
2014-04-25T06:47:15,4/25/14,115,6:47:15,50,225,3.19,0.04
2014-04-25T06:48:34,4/25/14,115,6:48:34,50,255,2.9,0.06
2014-04-25T06:50:18,4/25/14,115,6:50:18,100,255,3.73,0.11
2014-04-25T06:52:17,4/25/14,115,6:52:17,150,255,3.95,0.06
2014-04-25T06:53:18,4/25/14,115,6:53:18,160,255,3.42,0.2
2014-08-20T06:06:45,8/20/14,232,6:06:45,50,195,4.25,0.04
2014-08-20T06:09:27,8/20/14,232,6:09:27,100,195,4.52,0.05
2014-08-20T06:11:26,8/20/14,232,6:11:26,150,195,4.47,0.12
2014-08-20T06:13:31,8/20/14,232,6:13:31,200,195,5.39,0.13
2014-08-20T06:16:55,8/20/14,232,6:16:55,200,225,3.94,0.07
2014-08-20T06:19:06,8/20/14,232,6:19:06,150,225,4.28,0.06
2014-08-20T06:21:08,8/20/14,232,6:21:08,100,225,4.43,0.1
2014-08-20T06:24:30,8/20/14,232,6:24:30,50,225,3.71,0.02
2014-08-20T06:25:56,8/20/14,232,6:25:56,50,255,3.61,0.09
2014-08-20T06:27:33,8/20/14,232,6:27:33,100,255,4.97,0.1
2014-08-20T06:30:01,8/20/14,232,6:30:01,150,255,5.52,0.06
2014-08-20T06:31:04,8/20/14,232,6:31:04,160,255,5.28,0.16
2015-04-24T06:28:29,4/24/15,114,6:28:29,50,195,3.53,0.05
2015-04-24T06:31:18,4/24/15,114,6:31:18,100,195,3.64,0.04
2015-04-24T06:33:23,4/24/15,114,6:33:23,150,195,3.21,0.08
2015-04-24T06:34:47,4/24/15,114,6:34:47,200,195,3.7,0.19
2015-04-24T06:38:18,4/24/15,114,6:38:18,200,225,3.86,0.04
2015-04-24T06:40:27,4/24/15,114,6:40:27,15,225,3.78,0.06
2015-04-24T06:42:24,4/24/15,114,6:42:24,100,225,3.45,0.17
2015-04-24T06:44:14,4/24/15,114,6:44:14,50,225,3.44,0.03
2015-04-24T06:45:44,4/24/15,114,6:45:44,50,255,2.86,0.06
2015-04-24T06:47:28,4/24/15,114,6:47:28,100,255,3.99,0.15
2015-04-24T06:50:36,4/24/15,114,6:50:36,150,255,4.24,0.08
2015-04-24T06:51:40,4/24/15,114,6:51:40,160,255,3.69,0.27
2015-08-14T06:04:05,8/14/15,226,6:04:05,50,195,4.26,0.08
2015-08-14T06:06:47,8/14/15,226,6:06:47,100,195,4.35,0.03
2015-08-14T06:08:51,8/14/15,226,6:08:51,150,195,4.32,0.16
2015-08-14T06:10:47,8/14/15,226,6:10:47,200,195,5.12,0.16
2015-08-14T06:13:55,8/14/15,226,6:13:55,200,225,4.07,0.06
2015-08-14T06:16:05,8/14/15,226,6:16:05,150,225,4.25,0.04
2015-08-14T06:17:46,8/14/15,226,6:17:46,100,225,4.29,0.14
2015-08-14T06:19:44,8/14/15,226,6:19:44,50,225,3.78,0.02
2015-08-14T06:21:30,8/14/15,226,6:21:30,50,255,3.66,0.1
2015-08-14T06:23:57,8/14/15,226,6:23:57,100,255,4.82,0.1
2015-08-14T06:26:08,8/14/15,226,6:26:08,150,255,5.91,0.07
2015-08-14T06:27:09,8/14/15,226,6:27:09,160,255,5.61,0.19
2016-04-21T06:19:28,4/21/16,112,6:19:28,50,195,2.85,0.04
2016-04-21T06:21:46,4/21/16,112,6:21:46,100,195,3.23,0.03
2016-04-21T06:23:42,4/21/16,112,6:23:42,150,195,2.82,0.04
2016-04-21T06:25:24,4/21/16,112,6:25:24,200,195,3.23,0.11
2016-04-21T06:29:06,4/21/16,112,6:29:06,200,225,3.24,0.03
2016-04-21T06:31:04,4/21/16,112,6:31:04,150,225,3.14,0.07
2016-04-21T06:32:46,4/21/16,112,6:32:46,100,225,3.01,0.08
2016-04-21T06:34:49,4/21/16,112,6:34:49,50,225,2.86,0.01
2016-04-21T06:36:44,4/21/16,112,6:36:44,50,255,2.65,0.04
2016-04-21T06:38:22,4/21/16,112,6:38:22,100,255,3.33,0.11
2016-04-21T06:40:09,4/21/16,112,6:40:09,150,255,3.51,0.04
2016-04-21T06:41:31,4/21/16,112,6:41:31,160,255,3.14,0.17
2016-08-31T13:18:00,8/31/16,244,13:18:00,50,195,3.88,0.04
2016-08-31T13:20:00,8/31/16,244,13:20:00,100,195,4.07,0.05
2016-08-31T13:23:00,8/31/16,244,13:23:00,150,195,3.96,0.12
2016-08-31T13:25:00,8/31/16,244,13:25:00,200,195,4.82,0.08
2016-08-31T13:28:00,8/31/16,244,13:28:00,200,225,3.81,0.05
2016-08-31T13:30:00,8/31/16,244,13:30:00,150,225,3.79,0.04
2016-08-31T13:32:00,8/31/16,244,13:32:00,100,225,4.07,0.07
2016-08-31T13:34:00,8/31/16,244,13:34:00,50,225,3.58,0.03
2016-08-31T13:35:00,8/31/16,244,13:35:00,50,255,3.7,0.12
2016-08-31T13:37:00,8/31/16,244,13:37:00,100,255,4.46,0.07
2016-08-31T13:39:00,8/31/16,244,13:39:00,150,255,5.29,0.08
2016-08-31T13:40:00,8/31/16,244,13:40:00,160,255,4.87,0.12
2018-04-13T12:04:01,4/13/18,103,12:04:01,50,190,2.86,0.01
2018-04-13T12:06:20,4/13/18,103,12:06:20,100,195,3.02,0.04
2018-04-13T12:09:23,4/13/18,103,12:09:23,150,195,2.59,0.03
2018-04-13T12:11:13,4/13/18,103,12:11:13,200,195,2.95,0.13
2018-04-13T12:14:50,4/13/18,103,12:14:50,200,225,3.09,0.03
2018-04-13T12:16:34,4/13/18,103,12:16:34,150,225,2.94,0.06
2018-04-13T12:19:59,4/13/18,103,12:19:59,100,225,2.79,0.08
2018-04-13T12:21:41,4/13/18,103,12:21:41,50,225,2.86,0.01
2018-04-13T12:23:30,4/13/18,103,12:23:30,50,250,2.79,0.07
2018-04-13T12:25:15,4/13/18,103,12:25:15,100,250,3.11,0.07
2018-04-13T12:26:51,4/13/18,103,12:26:51,150,250,3.43,0.06
2018-04-13T12:27:42,4/13/18,103,12:27:42,160,250,2.97,0.18
2018-08-17T06:13:37,8/17/18,230,6:13:37,50,195,4.56,0.19
2018-08-17T06:16:27,8/17/18,230,6:16:27,100,195,4.41,0.04
2018-08-17T06:18:36,8/17/18,230,6:18:36,150,195,4.41,0.23
2018-08-17T06:20:56,8/17/18,230,6:20:56,200,195,5.13,0.04
2018-08-17T06:24:10,8/17/18,230,6:24:10,200,225,3.9,0.06
2018-08-17T06:26:20,8/17/18,230,6:26:20,150,225,4.19,0.06
2018-08-17T06:29:00,8/17/18,230,6:29:00,100,225,4.18,0.07
2018-08-17T06:31:00,8/17/18,230,6:31:00,50,225,3.78,0.02
2018-08-17T06:32:38,8/17/18,230,6:32:38,50,255,3.93,0.08
2018-08-17T06:34:49,8/17/18,230,6:34:49,100,255,4.83,0.12
2018-08-17T06:36:55,8/17/18,230,6:36:55,150,255,5.38,0.04
2018-08-17T06:39:19,8/17/18,230,6:39:19,160,255,5.26,0.13
2019-04-12T10:52:00,4/12/19,102,10:52:00,50,195,3.01,0.03
2019-04-12T10:54:00,4/12/19,102,10:54:00,100,195,3.19,0.05
2019-04-12T10:56:00,4/12/19,102,10:56:00,150,195,2.8,0.03
2019-04-12T10:58:00,4/12/19,102,10:58:00,200,195,3.07,0.07
2019-04-12T11:01:00,4/12/19,102,11:01:00,200,225,3.3,0.03
2019-04-12T11:04:00,4/12/19,102,11:04:00,150,225,3.05,0.07
2019-04-12T11:06:00,4/12/19,102,11:06:00,100,225,2.99,0.07
2019-04-12T11:09:00,4/12/19,102,11:09:00,50,225,3.03,0.04
2019-04-12T11:11:00,4/12/19,102,11:11:00,50,255,2.82,0.07
2019-04-12T11:13:00,4/12/19,102,11:13:00,100,255,3.19,0.05
2019-04-12T11:15:00,4/12/19,102,11:15:00,150,255,3.38,0.07
2019-04-12T11:16:00,4/12/19,102,11:16:00,165,255,2.9,0.17
2019-08-16T06:26:00,8/16/19,229,6:26:00,50,195,3.97,0.03
2019-08-16T06:30:00,8/16/19,229,6:30:00,100,195,3.9,0.02
2019-08-16T06:32:00,8/16/19,229,6:32:00,150,195,4.01,0.16
2019-08-16T06:34:00,8/16/19,229,6:34:00,200,195,4.59,0.07
2019-08-16T06:38:00,8/16/19,229,6:38:00,200,225,3.71,0.03
2019-08-16T06:40:00,8/16/19,229,6:40:00,150,225,3.81,0.05
2019-08-16T06:42:00,8/16/19,229,6:42:00,100,225,3.77,0.06
2019-08-16T06:44:00,8/16/19,229,6:44:00,50,225,3.62,0.03
2019-08-16T06:46:00,8/16/19,229,6:46:00,50,255,3.73,0.23
2019-08-16T06:48:00,8/16/19,229,6:48:00,100,255,4.41,0.06
2019-08-16T06:50:00,8/16/19,229,6:50:00,150,255,4.68,0.09
2019-08-16T06:51:00,8/16/19,229,6:51:00,165,255,4.24,0.15
2020-04-06T06:44:00,4/6/20,96,6:44:00,50,195,2.93,0.03
2020-04-06T06:46:00,4/6/20,96,6:46:00,100,195,3.08,0.03
2020-04-06T06:48:00,4/6/20,96,6:48:00,150,195,2.71,0.04
2020-04-06T06:50:00,4/6/20,96,6:50:00,200,195,3.15,0.08
2020-04-06T06:53:00,4/6/20,96,6:53:00,200,225,3.16,0.03
2020-04-06T06:55:00,4/6/20,96,6:55:00,150,225,2.96,0.08
2020-04-06T06:56:00,4/6/20,96,6:56:00,100,225,2.86,0.06
2020-04-06T06:58:00,4/6/20,96,6:58:00,50,225,2.91,0.03
2020-04-06T07:00:00,4/6/20,96,7:00:00,50,255,2.79,0.04
2020-04-06T07:02:00,4/6/20,96,7:02:00,100,255,3.19,0.1
2020-04-06T07:04:00,4/6/20,96,7:04:00,150,255,3.5,0.08
2020-04-06T07:05:00,4/6/20,96,7:05:00,165,255,2.98,0.17
2020-08-14T06:23:00,8/14/20,226,6:23:00,50,195,4.23,0.15
2020-08-14T06:25:00,8/14/20,226,6:25:00,100,195,3.85,0.03
2020-08-14T06:28:00,8/14/20,226,6:28:00,150,195,3.92,0.2
2020-08-14T06:30:00,8/14/20,226,6:30:00,200,195,4.72,0.02
2020-08-14T06:33:00,8/14/20,226,6:33:00,200,225,3.5,0.03
2020-08-14T06:36:00,8/14/20,226,6:36:00,150,225,3.76,0.07
2020-08-14T06:37:00,8/14/20,226,6:37:00,100,225,3.82,0.06
2020-08-14T06:40:00,8/14/20,226,6:40:00,50,225,3.48,0.03
2020-08-14T06:42:00,8/14/20,226,6:42:00,50,255,3.84,0.28
2020-08-14T06:44:00,8/14/20,226,6:44:00,100,255,4.38,0.06
2020-08-14T06:45:00,8/14/20,226,6:45:00,150,255,5.09,0.05
2020-08-14T06:46:00,8/14/20,226,6:46:00,165,255,4.69,0.19
2021-04-15T08:27:00,4/15/21,105,8:27:00,50,195,2.64,0.04
2021-04-15T08:29:00,4/15/21,105,8:29:00,100,195,2.72,0.04
2021-04-15T08:31:00,4/15/21,105,8:31:00,150,195,2.43,0.05
2021-04-15T08:33:00,4/15/21,105,8:33:00,200,195,2.76,0.05
2021-04-15T08:37:00,4/15/21,105,8:37:00,200,225,2.93,0.03
2021-04-15T08:40:00,4/15/21,105,8:40:00,150,225,2.44,0.07
2021-04-15T08:42:00,4/15/21,105,8:42:00,100,225,2.4,0.08
2021-04-15T08:44:00,4/15/21,105,8:44:00,50,225,2.59,0.04
2021-04-15T08:46:00,4/15/21,105,8:46:00,50,255,2.36,0.04
2021-04-15T08:48:00,4/15/21,105,8:48:00,100,255,2.65,0.04
2021-04-15T08:50:00,4/15/21,105,8:50:00,150,255,2.77,0.07
2021-04-15T08:52:00,4/15/21,105,8:52:00,165,255,2.34,0.16
2021-07-23T06:12:00,7/23/21,204,6:12:00,100,195,3.56,0.04
2021-07-23T06:14:00,7/23/21,204,6:14:00,150,195,3.91,0.21
2021-07-23T06:17:00,7/23/21,204,6:17:00,200,195,4.48,0.02
2021-07-23T06:21:00,7/23/21,204,6:21:00,200,225,3.15,0.03
2021-07-23T06:23:00,7/23/21,204,6:23:00,150,225,3.52,0.06
2021-07-23T06:25:00,7/23/21,204,6:25:00,100,225,3.5,0.07
2021-07-23T06:27:00,7/23/21,204,6:27:00,50,225,3.17,0.03
2021-07-23T06:29:00,7/23/21,204,6:29:00,50,255,3.6,0.25
2021-07-23T06:31:00,7/23/21,204,6:31:00,100,255,4.07,0.06
2021-07-23T06:33:00,7/23/21,204,6:33:00,150,255,4.6,0.07
2021-07-23T06:35:00,7/23/21,204,6:35:00,165,255,4.35,0.1
2022-04-08T10:24:00,4/8/22,98,10:24:00,50,195,3.17,0.06
2022-04-08T10:26:00,4/8/22,98,10:26:00,100,195,2.55,0.02
2022-04-08T10:27:00,4/8/22,98,10:27:00,150,195,2.26,0.07
2022-04-08T10:29:00,4/8/22,98,10:29:00,200,195,2.12,0.04
2022-04-08T10:31:00,4/8/22,98,10:31:00,200,225,2.38,0.13
2022-04-08T10:33:00,4/8/22,98,10:33:00,150,225,2.34,0.08
2022-04-08T10:35:00,4/8/22,98,10:35:00,100,225,2.6,0.08
2022-04-08T10:38:00,4/8/22,98,10:38:00,50,225,2.43,0.04
2022-04-08T10:46:00,4/8/22,98,10:46:00,50,255,2.12,0.08
2022-04-08T10:41:00,4/8/22,98,10:41:00,100,255,2.45,0.08
2022-04-08T10:43:00,4/8/22,98,10:43:00,150,255,2.78,0.04
2022-04-08T10:44:00,4/8/22,98,10:44:00,165,255,2.39,0.15
2022-08-22T11:34:00,8/22/22,234,11:34:00,50,195,4,0.18
2022-08-22T11:36:00,8/22/22,234,11:36:00,100,195,3.33,0.05
2022-08-22T11:39:00,8/22/22,234,11:39:00,150,195,3.74,0.26
2022-08-22T11:41:00,8/22/22,234,11:41:00,200,195,4.13,0.03
2022-08-22T11:44:00,8/22/22,234,11:44:00,200,225,3.42,0.06
2022-08-22T11:47:00,8/22/22,234,11:47:00,150,225,3.3,0.07
2022-08-22T11:49:00,8/22/22,234,11:49:00,100,225,3.28,0.06
2022-08-22T11:51:00,8/22/22,234,11:51:00,50,225,2.84,0.05
2022-08-22T11:52:00,8/22/22,234,11:52:00,50,255,3.68,0.53
2022-08-22T11:54:00,8/22/22,234,11:54:00,100,255,3.76,0.06
2022-08-22T11:56:00,8/22/22,234,11:56:00,150,255,4.42,0.06
2022-08-22T11:57:00,8/22/22,234,11:57:00,165,255,4.25,0.09
2023-04-05T08:01:00,4/5/23,94,8:01:00,50,195,2.24,0.02
2023-04-05T08:03:00,4/5/23,94,8:03:00,100,195,2.14,0.02
2023-04-05T08:06:00,4/5/23,94,8:06:00,150,195,2.33,0.03
2023-04-05T08:08:00,4/5/23,94,8:08:00,200,195,2.34,0.03
2023-04-05T08:12:00,4/5/23,94,8:12:00,200,225,2.68,0.03
2023-04-05T08:14:00,4/5/23,94,8:14:00,150,225,2.24,0.06
2023-04-05T08:16:00,4/5/23,94,8:16:00,100,225,2.03,0.03
2023-04-05T08:19:00,4/5/23,94,8:19:00,50,225,2.18,0.04
2023-04-05T08:21:00,4/5/23,94,8:21:00,50,255,2.06,0.02
2023-04-05T08:23:00,4/5/23,94,8:23:00,100,255,2.43,0.07
2023-04-05T08:25:00,4/5/23,94,8:25:00,150,255,2.64,0.05
2023-04-05T08:26:00,4/5/23,94,8:26:00,165,255,2.19,0.1
2023-08-27T06:48:00,8/27/23,239,6:48:00,50,195,3.57,0.23
2023-08-27T06:51:00,8/27/23,239,6:51:00,100,195,3.09,0.06
2023-08-27T06:53:00,8/27/23,239,6:53:00,150,195,3.76,0.3
2023-08-27T06:56:00,8/27/23,239,6:56:00,200,195,4.22,0.03
2023-08-27T06:59:00,8/27/23,239,6:59:00,200,225,3.16,0.03
2023-08-27T07:01:00,8/27/23,239,7:01:00,150,225,3.36,0.06
2023-08-27T07:03:00,8/27/23,239,7:03:00,100,225,3.13,0.03
2023-08-27T07:05:00,8/27/23,239,7:05:00,50,225,2.86,0.03
2023-08-27T07:07:00,8/27/23,239,7:07:00,50,255,3.5,0.4
2023-08-27T07:09:00,8/27/23,239,7:09:00,100,255,3.76,0.09
2023-08-27T07:11:00,8/27/23,239,7:11:00,150,255,4.24,0.04
2023-08-27T07:12:00,8/27/23,239,7:12:00,165,255,4.11,0.11
2024-04-27T06:31:00,4/27/24,118,6:31:00,50,195,2.2,0.01
2024-04-27T06:33:00,4/27/24,118,6:33:00,100,195,2.17,0.01
2024-04-27T06:35:00,4/27/24,118,6:35:00,150,195,2.23,0.03
2024-04-27T06:37:00,4/27/24,118,6:37:00,200,195,2.26,0.04
2024-04-27T06:40:00,4/27/24,118,6:40:00,200,225,2.5,0.03
2024-04-27T06:43:00,4/27/24,118,6:43:00,150,225,2.55,0.05
2024-04-27T06:45:00,4/27/24,118,6:45:00,100,225,2.05,0.04
2024-04-27T06:47:00,4/27/24,118,6:47:00,50,225,2.19,0.03
2024-04-27T06:49:00,4/27/24,118,6:49:00,50,255,1.98,0.03
2024-04-27T06:51:00,4/27/24,118,6:51:00,100,255,2.38,0.09
2024-04-27T06:53:00,4/27/24,118,6:53:00,150,255,2.78,0.07
2024-04-27T06:54:00,4/27/24,118,6:54:00,160,255,2.5,0.07
2024-08-14T06:42:00,8/14/24,227,6:42:00,50,195,3.77,0.2
2024-08-14T06:44:00,8/14/24,227,6:44:00,100,195,3.24,0.06
2024-08-14T06:46:00,8/14/24,227,6:46:00,150,195,3.73,0.31
2024-08-14T06:48:00,8/14/24,227,6:48:00,200,195,4.23,0.05
2024-08-14T06:51:00,8/14/24,227,6:51:00,200,225,3.03,0.06
2024-08-14T06:54:00,8/14/24,227,6:54:00,150,225,3.53,0.07
2024-08-14T06:56:00,8/14/24,227,6:56:00,100,225,3.26,0.04
2024-08-14T06:58:00,8/14/24,227,6:58:00,50,225,2.97,0.03
2024-08-14T07:00:00,8/14/24,227,7:00:00,50,255,3.14,0.19
2024-08-14T07:02:00,8/14/24,227,7:02:00,100,255,4.03,0.11
2024-08-14T07:04:00,8/14/24,227,7:04:00,150,255,4.55,0.05
2024-08-14T07:05:00,8/14/24,227,7:05:00,165,255,4.27,0.08